id,latitude,longitude,job_name,job_description,intersts,distance_from_central,city
0,21.414873154618153,87.10248900714832,"Education officer, museum","Before trip left debate final realize. Sport hour management president window serious else take.
Small agree about cultural doctor. Peace anything certain coach kid. Example himself toward military.","{'sports': 46, 'music': 60, 'movies': 19, 'books': 33, 'travel': 88, 'food': 91, 'pets': 63, 'fashion': 71, 'gaming': 71, 'cars': 85, 'politics': 44, 'religion': 88, 'technology': 22, 'science': 38, 'history': 19, 'nature': 51, 'space': 16, 'art': 89, 'math': 86, 'health': 66, 'fitness': 44, 'cooking': 32, 'finance': 6, 'business': 100, 'law': 100, 'education': 6, 'medicine': 35, 'pharmacy': 1, 'psychology': 30, 'engineering': 83, 'architecture': 45, 'design': 3}",4.9792297482172305,Lake Allison
1,12.733807023039622,9.342413756892121,Local government officer,Read simply know tonight scene. Store account record out expect assume choice change. Drive matter nation finish to mission person leave.,"{'sports': 77, 'music': 37, 'movies': 73, 'books': 33, 'travel': 94, 'food': 71, 'pets': 30, 'fashion': 46, 'gaming': 72, 'cars': 68, 'politics': 64, 'religion': 100, 'technology': 32, 'science': 98, 'history': 66, 'nature': 83, 'space': 38, 'art': 49, 'math': 61, 'health': 73, 'fitness': 53, 'cooking': 58, 'finance': 53, 'business': 40, 'law': 45, 'education': 50, 'medicine': 41, 'pharmacy': 72, 'psychology': 32, 'engineering': 17, 'architecture': 88, 'design': 1}",4.673754012578279,Lake Ryan
2,32.98093045722194,92.63441520047353,Operations geologist,Though of product land investment drug. Media sport be billion what future. Thousand parent bed feel either. Order billion ago push.,"{'sports': 98, 'music': 81, 'movies': 57, 'books': 24, 'travel': 14, 'food': 49, 'pets': 44, 'fashion': 46, 'gaming': 44, 'cars': 47, 'politics': 49, 'religion': 1, 'technology': 41, 'science': 71, 'history': 31, 'nature': 41, 'space': 54, 'art': 67, 'math': 21, 'health': 56, 'fitness': 24, 'cooking': 45, 'finance': 38, 'business': 61, 'law': 22, 'education': 70, 'medicine': 73, 'pharmacy': 63, 'psychology': 45, 'engineering': 78, 'architecture': 79, 'design': 86}",3.093428766433055,East Juliemouth
3,36.334194345608495,24.948392697174736,"Accountant, chartered management","Animal sing serious professor lawyer plan say. Dark member her whose other. Professional agent growth.
Picture company ahead now school. Type boy share forward.","{'sports': 77, 'music': 57, 'movies': 99, 'books': 72, 'travel': 72, 'food': 54, 'pets': 15, 'fashion': 74, 'gaming': 86, 'cars': 13, 'politics': 5, 'religion': 12, 'technology': 80, 'science': 93, 'history': 34, 'nature': 34, 'space': 51, 'art': 71, 'math': 53, 'health': 29, 'fitness': 36, 'cooking': 4, 'finance': 48, 'business': 67, 'law': 95, 'education': 22, 'medicine': 95, 'pharmacy': 66, 'psychology': 41, 'engineering': 31, 'architecture': 91, 'design': 49}",8.413226994285303,Port Haley
4,11.339813128689613,94.93582017561447,"Engineer, biomedical","Per management black partner myself. Left record today receive matter. Action new next.
West lawyer behavior or. Tonight inside social together eight fly.","{'sports': 41, 'music': 20, 'movies': 40, 'books': 60, 'travel': 37, 'food': 81, 'pets': 47, 'fashion': 40, 'gaming': 16, 'cars': 7, 'politics': 32, 'religion': 48, 'technology': 74, 'science': 92, 'history': 24, 'nature': 52, 'space': 99, 'art': 87, 'math': 100, 'health': 42, 'fitness': 100, 'cooking': 87, 'finance': 86, 'business': 11, 'law': 28, 'education': 59, 'medicine': 56, 'pharmacy': 92, 'psychology': 89, 'engineering': 19, 'architecture': 49, 'design': 30}",7.788251261250433,Port Christopher
5,68.2441731403731,36.43975300974075,Location manager,Herself beat free better without drop young only. Full single person. Indicate smile bad of floor. Last season statement form ability manager.,"{'sports': 78, 'music': 55, 'movies': 82, 'books': 25, 'travel': 49, 'food': 73, 'pets': 90, 'fashion': 55, 'gaming': 56, 'cars': 58, 'politics': 39, 'religion': 70, 'technology': 43, 'science': 49, 'history': 22, 'nature': 75, 'space': 17, 'art': 32, 'math': 62, 'health': 0, 'fitness': 100, 'cooking': 100, 'finance': 15, 'business': 79, 'law': 61, 'education': 55, 'medicine': 93, 'pharmacy': 26, 'psychology': 6, 'engineering': 37, 'architecture': 84, 'design': 65}",5.776903756484786,Diazmouth
6,17.989977326956875,1.1296635012802647,Quarry manager,"Wind plant reveal. Leave prove wind number marriage seek crime.
War prove former process party education available. Everybody hear through. Mind carry perform can herself property.","{'sports': 24, 'music': 81, 'movies': 7, 'books': 39, 'travel': 71, 'food': 12, 'pets': 93, 'fashion': 19, 'gaming': 29, 'cars': 50, 'politics': 94, 'religion': 65, 'technology': 87, 'science': 69, 'history': 77, 'nature': 58, 'space': 11, 'art': 98, 'math': 32, 'health': 0, 'fitness': 42, 'cooking': 45, 'finance': 58, 'business': 30, 'law': 39, 'education': 56, 'medicine': 24, 'pharmacy': 85, 'psychology': 62, 'engineering': 41, 'architecture': 64, 'design': 58}",5.694972944636519,North Roberttown
7,43.843519012174106,42.7303387255759,Clinical research associate,Television work power despite. Growth by able billion evening factor but message. Thought size party trade operation mind level.,"{'sports': 3, 'music': 6, 'movies': 19, 'books': 14, 'travel': 98, 'food': 38, 'pets': 69, 'fashion': 2, 'gaming': 11, 'cars': 30, 'politics': 54, 'religion': 23, 'technology': 55, 'science': 31, 'history': 83, 'nature': 3, 'space': 4, 'art': 11, 'math': 60, 'health': 28, 'fitness': 95, 'cooking': 38, 'finance': 48, 'business': 71, 'law': 33, 'education': 74, 'medicine': 80, 'pharmacy': 13, 'psychology': 26, 'engineering': 9, 'architecture': 68, 'design': 18}",8.58614942474202,West Joe
8,14.58998964664917,66.06259832645624,"Engineer, petroleum",Here happy pressure cultural second over. Civil bank land ability poor foot standard. I list night it street day. Dream certain use hospital.,"{'sports': 65, 'music': 93, 'movies': 48, 'books': 78, 'travel': 90, 'food': 85, 'pets': 35, 'fashion': 9, 'gaming': 78, 'cars': 51, 'politics': 84, 'religion': 77, 'technology': 71, 'science': 40, 'history': 32, 'nature': 1, 'space': 53, 'art': 93, 'math': 0, 'health': 73, 'fitness': 74, 'cooking': 13, 'finance': 31, 'business': 86, 'law': 52, 'education': 58, 'medicine': 19, 'pharmacy': 33, 'psychology': 27, 'engineering': 79, 'architecture': 63, 'design': 4}",3.0020230428334402,New Josephville
9,49.79157356540638,40.587183799768255,Estate manager/land agent,Office dark check possible sing more on. Particularly anyone cell true three. Energy responsibility north cultural decide participant onto development. Read business beyond without.,"{'sports': 50, 'music': 23, 'movies': 23, 'books': 37, 'travel': 75, 'food': 17, 'pets': 31, 'fashion': 44, 'gaming': 8, 'cars': 95, 'politics': 3, 'religion': 2, 'technology': 100, 'science': 43, 'history': 0, 'nature': 5, 'space': 51, 'art': 12, 'math': 24, 'health': 61, 'fitness': 79, 'cooking': 64, 'finance': 90, 'business': 37, 'law': 90, 'education': 42, 'medicine': 22, 'pharmacy': 20, 'psychology': 17, 'engineering': 82, 'architecture': 89, 'design': 31}",4.556692690691416,Perezborough
10,63.725306844557586,16.091552454307422,Primary school teacher,"Stuff poor perhaps letter. House American often up available big. Growth guy modern should rule.
Carry decade sound cold parent town guess. Hit star produce agent here.","{'sports': 35, 'music': 88, 'movies': 90, 'books': 60, 'travel': 67, 'food': 58, 'pets': 82, 'fashion': 55, 'gaming': 75, 'cars': 89, 'politics': 35, 'religion': 35, 'technology': 46, 'science': 44, 'history': 47, 'nature': 70, 'space': 68, 'art': 4, 'math': 40, 'health': 21, 'fitness': 17, 'cooking': 80, 'finance': 44, 'business': 85, 'law': 98, 'education': 67, 'medicine': 31, 'pharmacy': 60, 'psychology': 34, 'engineering': 23, 'architecture': 64, 'design': 65}",1.3604688908642248,Martinezmouth
11,88.46860230124524,11.512540153482542,Drilling engineer,"Policy the everyone really.
Add ok wind change season matter trouble beyond. Myself scene happen be this air catch. Partner option inside college fine civil.","{'sports': 41, 'music': 68, 'movies': 22, 'books': 31, 'travel': 58, 'food': 79, 'pets': 72, 'fashion': 78, 'gaming': 53, 'cars': 13, 'politics': 18, 'religion': 47, 'technology': 86, 'science': 63, 'history': 69, 'nature': 69, 'space': 88, 'art': 59, 'math': 30, 'health': 21, 'fitness': 20, 'cooking': 57, 'finance': 56, 'business': 17, 'law': 86, 'education': 76, 'medicine': 42, 'pharmacy': 93, 'psychology': 18, 'engineering': 1, 'architecture': 25, 'design': 85}",0.4285988211141645,Port Nicholas
12,75.1046268976491,83.55217906313757,Garment/textile technologist,"Live pretty girl pressure rise add pull can. Food especially training carry information.
If you stage dinner floor. Tough defense within better authority. Never college enough million blue now.","{'sports': 36, 'music': 73, 'movies': 39, 'books': 53, 'travel': 11, 'food': 71, 'pets': 1, 'fashion': 76, 'gaming': 20, 'cars': 83, 'politics': 63, 'religion': 30, 'technology': 23, 'science': 14, 'history': 48, 'nature': 32, 'space': 93, 'art': 25, 'math': 3, 'health': 30, 'fitness': 19, 'cooking': 70, 'finance': 5, 'business': 60, 'law': 87, 'education': 47, 'medicine': 51, 'pharmacy': 90, 'psychology': 13, 'engineering': 44, 'architecture': 25, 'design': 89}",9.289753837752608,Tylerton
13,62.591875770122506,68.27297919230568,Osteopath,"Address change phone see receive movie stay.
Politics continue best there big condition. Think executive modern upon.","{'sports': 41, 'music': 29, 'movies': 25, 'books': 80, 'travel': 82, 'food': 53, 'pets': 58, 'fashion': 48, 'gaming': 84, 'cars': 44, 'politics': 3, 'religion': 69, 'technology': 76, 'science': 15, 'history': 0, 'nature': 89, 'space': 84, 'art': 52, 'math': 21, 'health': 68, 'fitness': 2, 'cooking': 47, 'finance': 64, 'business': 33, 'law': 62, 'education': 24, 'medicine': 94, 'pharmacy': 35, 'psychology': 34, 'engineering': 33, 'architecture': 45, 'design': 82}",8.505119747666392,East Ginamouth
14,42.161058243213766,47.689871133938986,Nature conservation officer,"Again present significant either near. Situation yard imagine owner.
Mrs argue reveal special raise. To bed tend treat. Dinner believe many.","{'sports': 29, 'music': 29, 'movies': 31, 'books': 36, 'travel': 75, 'food': 45, 'pets': 12, 'fashion': 22, 'gaming': 83, 'cars': 0, 'politics': 78, 'religion': 84, 'technology': 35, 'science': 62, 'history': 18, 'nature': 6, 'space': 48, 'art': 97, 'math': 95, 'health': 41, 'fitness': 89, 'cooking': 61, 'finance': 3, 'business': 24, 'law': 62, 'education': 74, 'medicine': 51, 'pharmacy': 75, 'psychology': 7, 'engineering': 45, 'architecture': 27, 'design': 9}",5.386671870881171,Sandovalberg
15,74.0993326745651,83.49370491005018,Data processing manager,"Common movement page east enjoy general call.
Film president behind teach body fire police. Take father argue once bad.
Series easy manager hit. Kind week create painting region.","{'sports': 20, 'music': 49, 'movies': 44, 'books': 44, 'travel': 95, 'food': 56, 'pets': 8, 'fashion': 13, 'gaming': 75, 'cars': 38, 'politics': 40, 'religion': 90, 'technology': 89, 'science': 29, 'history': 59, 'nature': 13, 'space': 39, 'art': 63, 'math': 18, 'health': 15, 'fitness': 54, 'cooking': 57, 'finance': 8, 'business': 23, 'law': 85, 'education': 4, 'medicine': 28, 'pharmacy': 20, 'psychology': 82, 'engineering': 67, 'architecture': 90, 'design': 47}",1.0863406634871198,Paulview
16,97.75671369577097,90.40122292882052,Exercise physiologist,Traditional we no song avoid season network. Nice focus according smile understand respond very option. Blood lead prepare speak six up smile.,"{'sports': 22, 'music': 59, 'movies': 25, 'books': 57, 'travel': 91, 'food': 27, 'pets': 86, 'fashion': 51, 'gaming': 61, 'cars': 65, 'politics': 42, 'religion': 93, 'technology': 16, 'science': 58, 'history': 78, 'nature': 48, 'space': 0, 'art': 11, 'math': 42, 'health': 90, 'fitness': 90, 'cooking': 71, 'finance': 47, 'business': 54, 'law': 16, 'education': 64, 'medicine': 68, 'pharmacy': 84, 'psychology': 100, 'engineering': 60, 'architecture': 40, 'design': 77}",2.4929245806035096,East Williamhaven
17,8.90975108043498,66.04376370720709,Ceramics designer,"But within talk arm build. Age like society without cause.
Player condition anyone. Threat situation machine unit modern happy.","{'sports': 90, 'music': 76, 'movies': 67, 'books': 10, 'travel': 89, 'food': 65, 'pets': 20, 'fashion': 22, 'gaming': 34, 'cars': 66, 'politics': 66, 'religion': 95, 'technology': 15, 'science': 79, 'history': 42, 'nature': 9, 'space': 10, 'art': 63, 'math': 16, 'health': 8, 'fitness': 84, 'cooking': 53, 'finance': 71, 'business': 95, 'law': 75, 'education': 9, 'medicine': 59, 'pharmacy': 57, 'psychology': 8, 'engineering': 4, 'architecture': 59, 'design': 21}",7.454121565227427,Amyfort
18,94.56160835542535,41.59400024043842,"Geologist, engineering","Size radio professor where party sure. World century culture.
Fear with threat pay check professional star maintain. Scene body six wrong end.","{'sports': 71, 'music': 1, 'movies': 21, 'books': 67, 'travel': 33, 'food': 84, 'pets': 90, 'fashion': 61, 'gaming': 17, 'cars': 17, 'politics': 62, 'religion': 16, 'technology': 82, 'science': 62, 'history': 0, 'nature': 75, 'space': 15, 'art': 96, 'math': 7, 'health': 27, 'fitness': 45, 'cooking': 45, 'finance': 94, 'business': 37, 'law': 97, 'education': 6, 'medicine': 63, 'pharmacy': 92, 'psychology': 15, 'engineering': 87, 'architecture': 93, 'design': 13}",4.827744886830274,Lake Stephen
19,72.70466803719408,6.443089537643088,Production manager,Traditional teach whole young part sound possible. Quickly investment party audience hundred reach health campaign. Important mother listen own probably.,"{'sports': 14, 'music': 26, 'movies': 44, 'books': 97, 'travel': 59, 'food': 30, 'pets': 38, 'fashion': 15, 'gaming': 62, 'cars': 88, 'politics': 100, 'religion': 50, 'technology': 100, 'science': 87, 'history': 23, 'nature': 20, 'space': 20, 'art': 5, 'math': 63, 'health': 41, 'fitness': 1, 'cooking': 76, 'finance': 60, 'business': 11, 'law': 15, 'education': 67, 'medicine': 58, 'pharmacy': 29, 'psychology': 34, 'engineering': 51, 'architecture': 37, 'design': 35}",8.877526406200893,Virginiamouth
20,33.51378872699693,59.43978171228934,Community education officer,Case employee pull range candidate. Represent every clearly you pull. Development evidence new cold agency system. Add good use amount agree range.,"{'sports': 54, 'music': 52, 'movies': 40, 'books': 16, 'travel': 39, 'food': 93, 'pets': 46, 'fashion': 54, 'gaming': 23, 'cars': 53, 'politics': 15, 'religion': 27, 'technology': 78, 'science': 18, 'history': 79, 'nature': 57, 'space': 29, 'art': 39, 'math': 72, 'health': 81, 'fitness': 61, 'cooking': 99, 'finance': 99, 'business': 55, 'law': 95, 'education': 49, 'medicine': 54, 'pharmacy': 83, 'psychology': 39, 'engineering': 36, 'architecture': 82, 'design': 23}",7.7015249339658745,South Ericberg
21,66.63962876809197,57.09966038512412,"Producer, radio","Player despite me open figure writer. None left almost claim.
But voice point friend. Vote mind bill look herself herself eight.
View feeling yeah street claim piece not. Mind science individual why.","{'sports': 44, 'music': 98, 'movies': 5, 'books': 92, 'travel': 96, 'food': 29, 'pets': 88, 'fashion': 62, 'gaming': 44, 'cars': 47, 'politics': 7, 'religion': 41, 'technology': 38, 'science': 79, 'history': 56, 'nature': 50, 'space': 54, 'art': 17, 'math': 10, 'health': 1, 'fitness': 74, 'cooking': 89, 'finance': 15, 'business': 51, 'law': 73, 'education': 90, 'medicine': 50, 'pharmacy': 67, 'psychology': 56, 'engineering': 95, 'architecture': 88, 'design': 11}",7.827085867654667,Gabriellebury
22,60.06963510344349,67.94247399307987,Conference centre manager,Fly could imagine brother better close. Like prevent once likely. Away lay management reality. Important house own item information care figure.,"{'sports': 6, 'music': 91, 'movies': 28, 'books': 84, 'travel': 7, 'food': 39, 'pets': 48, 'fashion': 88, 'gaming': 54, 'cars': 73, 'politics': 43, 'religion': 58, 'technology': 11, 'science': 73, 'history': 26, 'nature': 14, 'space': 89, 'art': 84, 'math': 82, 'health': 74, 'fitness': 75, 'cooking': 34, 'finance': 31, 'business': 100, 'law': 21, 'education': 56, 'medicine': 91, 'pharmacy': 83, 'psychology': 18, 'engineering': 99, 'architecture': 20, 'design': 86}",4.8260030868961215,Louiston
23,73.02236812383761,12.435845319046502,Clinical research associate,"Dark clearly notice break myself summer likely. Firm away north recently crime rule pick.
Front practice authority want use. Fight land whether whole.","{'sports': 75, 'music': 42, 'movies': 38, 'books': 33, 'travel': 37, 'food': 90, 'pets': 58, 'fashion': 51, 'gaming': 52, 'cars': 86, 'politics': 55, 'religion': 56, 'technology': 51, 'science': 61, 'history': 50, 'nature': 65, 'space': 47, 'art': 73, 'math': 53, 'health': 65, 'fitness': 66, 'cooking': 18, 'finance': 75, 'business': 10, 'law': 4, 'education': 24, 'medicine': 14, 'pharmacy': 73, 'psychology': 40, 'engineering': 34, 'architecture': 68, 'design': 9}",0.9976028879929089,Diazhaven
24,38.83120376494953,21.084603410423554,"Engineer, site","Its practice special. Certain with open necessary policy high. Federal myself my rock artist black deal.
Single down set garden task quite. Study agency government this.","{'sports': 29, 'music': 14, 'movies': 46, 'books': 55, 'travel': 68, 'food': 5, 'pets': 79, 'fashion': 51, 'gaming': 22, 'cars': 10, 'politics': 94, 'religion': 27, 'technology': 54, 'science': 45, 'history': 3, 'nature': 68, 'space': 94, 'art': 97, 'math': 42, 'health': 66, 'fitness': 77, 'cooking': 99, 'finance': 13, 'business': 16, 'law': 5, 'education': 12, 'medicine': 16, 'pharmacy': 69, 'psychology': 24, 'engineering': 98, 'architecture': 0, 'design': 66}",6.100066372277282,East Roger
25,40.02364218408755,36.569237358340075,"Nurse, adult",Somebody safe series whatever suggest right wife take. The you teach idea.,"{'sports': 32, 'music': 5, 'movies': 88, 'books': 32, 'travel': 78, 'food': 13, 'pets': 72, 'fashion': 96, 'gaming': 63, 'cars': 95, 'politics': 12, 'religion': 94, 'technology': 100, 'science': 65, 'history': 90, 'nature': 61, 'space': 52, 'art': 36, 'math': 89, 'health': 32, 'fitness': 97, 'cooking': 89, 'finance': 84, 'business': 22, 'law': 26, 'education': 67, 'medicine': 77, 'pharmacy': 89, 'psychology': 95, 'engineering': 59, 'architecture': 28, 'design': 47}",8.528450551591577,New Ryan
26,50.76232003950442,64.14875410708851,Chartered accountant,"Part process true. Finally however movement foot yeah once require. Long that think despite age music government.
According effort rather wide character. Similar true fire your.","{'sports': 14, 'music': 17, 'movies': 33, 'books': 47, 'travel': 65, 'food': 78, 'pets': 91, 'fashion': 55, 'gaming': 10, 'cars': 49, 'politics': 32, 'religion': 45, 'technology': 7, 'science': 10, 'history': 54, 'nature': 17, 'space': 3, 'art': 53, 'math': 28, 'health': 97, 'fitness': 71, 'cooking': 11, 'finance': 7, 'business': 19, 'law': 38, 'education': 24, 'medicine': 38, 'pharmacy': 64, 'psychology': 34, 'engineering': 64, 'architecture': 72, 'design': 98}",5.618969137712253,South Sheri
27,48.00097128897952,79.27594818012739,Housing manager/officer,"Late point left sort. Human economic trial me health. Heavy do traditional hospital.
Affect range program particularly win. Country rest end. Serve say enter worry specific clear.","{'sports': 97, 'music': 6, 'movies': 98, 'books': 95, 'travel': 14, 'food': 14, 'pets': 57, 'fashion': 6, 'gaming': 88, 'cars': 28, 'politics': 41, 'religion': 90, 'technology': 10, 'science': 85, 'history': 8, 'nature': 19, 'space': 99, 'art': 95, 'math': 23, 'health': 100, 'fitness': 18, 'cooking': 68, 'finance': 96, 'business': 43, 'law': 59, 'education': 0, 'medicine': 30, 'pharmacy': 85, 'psychology': 11, 'engineering': 36, 'architecture': 5, 'design': 56}",2.5538899899202883,Odonnellchester
28,99.46204101956737,0.6579908919198019,Theatre manager,"Present floor trip create. Science lay network.
Yard herself figure adult over. Which cell soldier push majority trade.","{'sports': 85, 'music': 94, 'movies': 65, 'books': 59, 'travel': 7, 'food': 11, 'pets': 64, 'fashion': 42, 'gaming': 46, 'cars': 60, 'politics': 36, 'religion': 83, 'technology': 61, 'science': 17, 'history': 73, 'nature': 74, 'space': 14, 'art': 60, 'math': 0, 'health': 26, 'fitness': 24, 'cooking': 79, 'finance': 40, 'business': 70, 'law': 55, 'education': 30, 'medicine': 91, 'pharmacy': 78, 'psychology': 81, 'engineering': 52, 'architecture': 59, 'design': 24}",8.131264834586174,East Robinchester
29,67.20033190026936,25.236144773388247,Accounting technician,"Lose performance pass push interview. Billion pay travel. Happen son door alone across speak.
Certain institution southern professional you level.","{'sports': 13, 'music': 74, 'movies': 64, 'books': 54, 'travel': 79, 'food': 4, 'pets': 66, 'fashion': 21, 'gaming': 27, 'cars': 48, 'politics': 91, 'religion': 22, 'technology': 13, 'science': 70, 'history': 71, 'nature': 54, 'space': 85, 'art': 73, 'math': 28, 'health': 72, 'fitness': 36, 'cooking': 80, 'finance': 94, 'business': 71, 'law': 19, 'education': 90, 'medicine': 93, 'pharmacy': 94, 'psychology': 39, 'engineering': 42, 'architecture': 71, 'design': 48}",3.978947861173369,North Lisatown
30,53.700160057473745,13.765889237008821,Public relations officer,Character indicate organization star. Apply one argue respond service get. Yourself bag discover interview increase.,"{'sports': 51, 'music': 35, 'movies': 8, 'books': 70, 'travel': 64, 'food': 53, 'pets': 17, 'fashion': 67, 'gaming': 30, 'cars': 2, 'politics': 90, 'religion': 4, 'technology': 8, 'science': 55, 'history': 21, 'nature': 51, 'space': 29, 'art': 85, 'math': 27, 'health': 13, 'fitness': 48, 'cooking': 38, 'finance': 68, 'business': 89, 'law': 70, 'education': 64, 'medicine': 9, 'pharmacy': 86, 'psychology': 55, 'engineering': 78, 'architecture': 74, 'design': 5}",7.13690813742156,Cameronbury
31,8.374845265347886,96.82792153041919,Minerals surveyor,Realize dinner group. Economy it end seek represent. Physical turn sit. Thousand institution business age beyond party PM.,"{'sports': 42, 'music': 78, 'movies': 28, 'books': 54, 'travel': 34, 'food': 4, 'pets': 89, 'fashion': 48, 'gaming': 68, 'cars': 98, 'politics': 97, 'religion': 55, 'technology': 88, 'science': 52, 'history': 41, 'nature': 97, 'space': 47, 'art': 9, 'math': 14, 'health': 13, 'fitness': 82, 'cooking': 2, 'finance': 60, 'business': 2, 'law': 53, 'education': 32, 'medicine': 0, 'pharmacy': 44, 'psychology': 39, 'engineering': 28, 'architecture': 0, 'design': 12}",9.710348291740981,Lake Joanmouth
32,69.84786489222141,43.40968893550667,Gaffer,And central fact detail water successful spend. Dark form staff organization situation size tough. Inside entire ground speech might TV consider. Speak around them miss than heavy.,"{'sports': 69, 'music': 21, 'movies': 84, 'books': 93, 'travel': 46, 'food': 2, 'pets': 62, 'fashion': 50, 'gaming': 91, 'cars': 86, 'politics': 16, 'religion': 79, 'technology': 89, 'science': 13, 'history': 61, 'nature': 37, 'space': 36, 'art': 6, 'math': 69, 'health': 22, 'fitness': 83, 'cooking': 65, 'finance': 84, 'business': 21, 'law': 90, 'education': 80, 'medicine': 76, 'pharmacy': 0, 'psychology': 20, 'engineering': 74, 'architecture': 76, 'design': 48}",2.5835517885972195,Fosterbury
33,53.269057503826204,32.79701995430441,Accounting technician,"Ask discussion early work these expert. Conference people each already agent.
Nation it situation religious. Off heavy establish instead everything.","{'sports': 33, 'music': 63, 'movies': 50, 'books': 90, 'travel': 60, 'food': 33, 'pets': 1, 'fashion': 92, 'gaming': 47, 'cars': 84, 'politics': 75, 'religion': 89, 'technology': 1, 'science': 37, 'history': 90, 'nature': 83, 'space': 29, 'art': 84, 'math': 98, 'health': 59, 'fitness': 22, 'cooking': 66, 'finance': 45, 'business': 82, 'law': 31, 'education': 38, 'medicine': 42, 'pharmacy': 98, 'psychology': 70, 'engineering': 88, 'architecture': 76, 'design': 60}",3.9092794253239926,Nicholeton
34,53.068372618685814,56.43308174054735,Therapeutic radiographer,"Unit than choose figure apply light.
She during how. Sister director under training but network where. Than PM but card owner well site. Stop national product respond economic.","{'sports': 9, 'music': 54, 'movies': 74, 'books': 58, 'travel': 74, 'food': 78, 'pets': 11, 'fashion': 39, 'gaming': 79, 'cars': 54, 'politics': 82, 'religion': 18, 'technology': 64, 'science': 15, 'history': 65, 'nature': 8, 'space': 66, 'art': 42, 'math': 63, 'health': 83, 'fitness': 48, 'cooking': 82, 'finance': 100, 'business': 56, 'law': 0, 'education': 31, 'medicine': 24, 'pharmacy': 56, 'psychology': 82, 'engineering': 1, 'architecture': 77, 'design': 69}",4.608899004554607,West Angela
35,98.2314443653298,29.183940344385096,Information systems manager,Might current degree research certain town. Meet hospital message product big wind product part. Itself everyone hospital there gun clearly car.,"{'sports': 27, 'music': 99, 'movies': 86, 'books': 65, 'travel': 72, 'food': 16, 'pets': 53, 'fashion': 99, 'gaming': 70, 'cars': 67, 'politics': 96, 'religion': 86, 'technology': 0, 'science': 4, 'history': 10, 'nature': 23, 'space': 79, 'art': 19, 'math': 49, 'health': 38, 'fitness': 54, 'cooking': 53, 'finance': 7, 'business': 32, 'law': 18, 'education': 80, 'medicine': 91, 'pharmacy': 3, 'psychology': 71, 'engineering': 97, 'architecture': 63, 'design': 27}",8.16141300287782,Taylormouth
36,10.397650769480249,90.29402055624853,"Nurse, learning disability",Before understand future attention partner century there. Offer shoulder here identify.,"{'sports': 100, 'music': 67, 'movies': 17, 'books': 90, 'travel': 46, 'food': 46, 'pets': 62, 'fashion': 46, 'gaming': 12, 'cars': 49, 'politics': 22, 'religion': 83, 'technology': 100, 'science': 45, 'history': 88, 'nature': 94, 'space': 84, 'art': 22, 'math': 81, 'health': 45, 'fitness': 86, 'cooking': 69, 'finance': 37, 'business': 41, 'law': 20, 'education': 19, 'medicine': 28, 'pharmacy': 24, 'psychology': 98, 'engineering': 32, 'architecture': 100, 'design': 8}",0.9558168012996182,Lake Jonathan
37,39.51812323695355,2.094960307452598,Gaffer,Total election talk second daughter soon address note. Line sound determine leg music hour but.,"{'sports': 12, 'music': 42, 'movies': 52, 'books': 9, 'travel': 3, 'food': 93, 'pets': 50, 'fashion': 62, 'gaming': 21, 'cars': 72, 'politics': 67, 'religion': 77, 'technology': 8, 'science': 64, 'history': 51, 'nature': 49, 'space': 73, 'art': 20, 'math': 43, 'health': 76, 'fitness': 61, 'cooking': 60, 'finance': 7, 'business': 40, 'law': 61, 'education': 73, 'medicine': 55, 'pharmacy': 12, 'psychology': 46, 'engineering': 82, 'architecture': 89, 'design': 33}",8.167210601255718,Robertton
38,59.550743388427406,66.04632456580775,Fast food restaurant manager,Part personal foot Mr page simply matter say. Husband ball three against ten the less. Adult center beyond modern form positive well.,"{'sports': 6, 'music': 23, 'movies': 17, 'books': 86, 'travel': 39, 'food': 38, 'pets': 65, 'fashion': 19, 'gaming': 90, 'cars': 26, 'politics': 14, 'religion': 31, 'technology': 47, 'science': 52, 'history': 84, 'nature': 17, 'space': 15, 'art': 69, 'math': 91, 'health': 83, 'fitness': 2, 'cooking': 13, 'finance': 16, 'business': 19, 'law': 31, 'education': 97, 'medicine': 56, 'pharmacy': 68, 'psychology': 44, 'engineering': 51, 'architecture': 80, 'design': 11}",8.085499944038453,Snyderfort
39,43.83217016577204,21.925132381146064,Chartered management accountant,"Throw also perhaps join surface police. Ahead police believe.
Discussion item everybody sort receive those here nature. Answer girl look ahead. Travel bill art.","{'sports': 45, 'music': 85, 'movies': 52, 'books': 66, 'travel': 46, 'food': 48, 'pets': 89, 'fashion': 68, 'gaming': 7, 'cars': 49, 'politics': 34, 'religion': 72, 'technology': 87, 'science': 2, 'history': 85, 'nature': 14, 'space': 64, 'art': 87, 'math': 58, 'health': 29, 'fitness': 53, 'cooking': 100, 'finance': 93, 'business': 29, 'law': 68, 'education': 88, 'medicine': 77, 'pharmacy': 37, 'psychology': 68, 'engineering': 19, 'architecture': 69, 'design': 61}",4.173327424980577,Evansville
40,35.232002731357944,98.57931090815676,Manufacturing systems engineer,"Throw much child might thus purpose. Hard piece kind seek politics my talk.
Safe into least trial such human. Charge either with school how inside. Turn price particularly brother call style.","{'sports': 100, 'music': 92, 'movies': 13, 'books': 89, 'travel': 59, 'food': 77, 'pets': 62, 'fashion': 6, 'gaming': 19, 'cars': 93, 'politics': 63, 'religion': 99, 'technology': 54, 'science': 38, 'history': 53, 'nature': 86, 'space': 36, 'art': 62, 'math': 89, 'health': 71, 'fitness': 37, 'cooking': 24, 'finance': 27, 'business': 96, 'law': 75, 'education': 48, 'medicine': 11, 'pharmacy': 45, 'psychology': 59, 'engineering': 52, 'architecture': 83, 'design': 43}",7.462744616630727,North Johnstad
41,67.19519311949385,73.0617790746247,Electrical engineer,"Idea weight pull discussion base morning. Pass reveal structure window. Voice month practice star.
Seem theory newspaper in Mrs professional somebody.
Reason buy concern paper whatever.","{'sports': 85, 'music': 92, 'movies': 40, 'books': 28, 'travel': 50, 'food': 67, 'pets': 5, 'fashion': 24, 'gaming': 45, 'cars': 85, 'politics': 75, 'religion': 55, 'technology': 38, 'science': 73, 'history': 38, 'nature': 25, 'space': 38, 'art': 62, 'math': 90, 'health': 36, 'fitness': 70, 'cooking': 54, 'finance': 27, 'business': 44, 'law': 57, 'education': 94, 'medicine': 28, 'pharmacy': 39, 'psychology': 55, 'engineering': 85, 'architecture': 86, 'design': 30}",7.199919771186984,Wrightview
42,15.635435797172448,8.097428252149575,Public relations account executive,"Decide point chance assume begin never state. Company fast business TV continue. Every site environmental down.
Beautiful western rock can. Activity past other opportunity investment mother natural.","{'sports': 8, 'music': 25, 'movies': 69, 'books': 28, 'travel': 27, 'food': 36, 'pets': 93, 'fashion': 47, 'gaming': 95, 'cars': 50, 'politics': 83, 'religion': 75, 'technology': 84, 'science': 77, 'history': 64, 'nature': 62, 'space': 1, 'art': 18, 'math': 17, 'health': 5, 'fitness': 4, 'cooking': 32, 'finance': 32, 'business': 81, 'law': 58, 'education': 100, 'medicine': 99, 'pharmacy': 59, 'psychology': 10, 'engineering': 55, 'architecture': 63, 'design': 61}",2.594510402653926,New Michelle
43,14.437494954293307,53.67106744653029,Materials engineer,"No month to sense. Course clear detail include born.
Event this tree four close political front school. Whole room window war. Set continue lead difficult share.","{'sports': 18, 'music': 85, 'movies': 65, 'books': 30, 'travel': 52, 'food': 32, 'pets': 91, 'fashion': 77, 'gaming': 19, 'cars': 77, 'politics': 56, 'religion': 98, 'technology': 76, 'science': 90, 'history': 0, 'nature': 71, 'space': 49, 'art': 37, 'math': 23, 'health': 98, 'fitness': 31, 'cooking': 78, 'finance': 50, 'business': 44, 'law': 81, 'education': 46, 'medicine': 99, 'pharmacy': 0, 'psychology': 99, 'engineering': 36, 'architecture': 89, 'design': 39}",1.3956593827469577,South David
44,82.81523951776254,5.936208404090603,"Administrator, arts","Career strong itself city owner. All impact build color bit discover.
Me cover discuss order set. Though common conference light.","{'sports': 81, 'music': 80, 'movies': 96, 'books': 33, 'travel': 61, 'food': 77, 'pets': 19, 'fashion': 36, 'gaming': 69, 'cars': 85, 'politics': 32, 'religion': 3, 'technology': 8, 'science': 47, 'history': 76, 'nature': 79, 'space': 35, 'art': 59, 'math': 25, 'health': 51, 'fitness': 32, 'cooking': 76, 'finance': 100, 'business': 67, 'law': 98, 'education': 38, 'medicine': 78, 'pharmacy': 59, 'psychology': 28, 'engineering': 55, 'architecture': 99, 'design': 23}",5.5726002661246286,West Paulburgh
45,3.3182855143881196,95.43164852737831,Stage manager,"Sell sing quality wait man. Item music figure worker toward.
Tonight present out law mission mouth.","{'sports': 1, 'music': 90, 'movies': 87, 'books': 99, 'travel': 8, 'food': 58, 'pets': 51, 'fashion': 14, 'gaming': 59, 'cars': 1, 'politics': 45, 'religion': 21, 'technology': 48, 'science': 41, 'history': 83, 'nature': 26, 'space': 62, 'art': 74, 'math': 95, 'health': 4, 'fitness': 29, 'cooking': 19, 'finance': 25, 'business': 74, 'law': 36, 'education': 74, 'medicine': 86, 'pharmacy': 66, 'psychology': 92, 'engineering': 86, 'architecture': 42, 'design': 36}",2.224380737491223,Briantown
46,18.794366644939743,91.45524480093806,Financial risk analyst,"Test foreign surface soon she cold. Writer skill address guy figure he.
Young degree price quickly. Decade generation leg baby common.","{'sports': 67, 'music': 60, 'movies': 85, 'books': 87, 'travel': 95, 'food': 28, 'pets': 56, 'fashion': 33, 'gaming': 80, 'cars': 43, 'politics': 44, 'religion': 66, 'technology': 19, 'science': 69, 'history': 57, 'nature': 47, 'space': 13, 'art': 21, 'math': 78, 'health': 54, 'fitness': 52, 'cooking': 25, 'finance': 11, 'business': 2, 'law': 10, 'education': 17, 'medicine': 42, 'pharmacy': 4, 'psychology': 94, 'engineering': 79, 'architecture': 12, 'design': 44}",3.8693931438843365,New Bobbyfort
47,97.22146302398775,75.78425352795534,Research scientist (physical sciences),Authority data walk charge take. Republican style anything claim course event artist. Available culture opportunity ago production.,"{'sports': 63, 'music': 0, 'movies': 59, 'books': 53, 'travel': 34, 'food': 3, 'pets': 23, 'fashion': 31, 'gaming': 46, 'cars': 94, 'politics': 27, 'religion': 35, 'technology': 82, 'science': 52, 'history': 72, 'nature': 23, 'space': 92, 'art': 78, 'math': 14, 'health': 93, 'fitness': 46, 'cooking': 16, 'finance': 50, 'business': 89, 'law': 18, 'education': 87, 'medicine': 38, 'pharmacy': 27, 'psychology': 99, 'engineering': 49, 'architecture': 6, 'design': 60}",2.5060229432665118,South Alicia
48,98.191020979413,30.636405613654173,"Scientist, research (physical sciences)","Sign economic blue. Rise suddenly drop turn teach. Successful save then push movement.
Land identify budget soldier population especially. Act list follow standard.","{'sports': 41, 'music': 51, 'movies': 79, 'books': 72, 'travel': 79, 'food': 100, 'pets': 7, 'fashion': 51, 'gaming': 60, 'cars': 78, 'politics': 99, 'religion': 22, 'technology': 13, 'science': 89, 'history': 8, 'nature': 9, 'space': 100, 'art': 34, 'math': 98, 'health': 64, 'fitness': 58, 'cooking': 10, 'finance': 15, 'business': 52, 'law': 46, 'education': 83, 'medicine': 30, 'pharmacy': 7, 'psychology': 78, 'engineering': 89, 'architecture': 60, 'design': 77}",7.419754907828101,South William
49,2.2436309750942796,43.08699519079286,Visual merchandiser,"Have suggest hand determine of. Loss item responsibility guy air within project.
Really positive television. Gun idea ability set dream.","{'sports': 47, 'music': 93, 'movies': 17, 'books': 47, 'travel': 93, 'food': 80, 'pets': 24, 'fashion': 34, 'gaming': 8, 'cars': 81, 'politics': 25, 'religion': 63, 'technology': 82, 'science': 16, 'history': 8, 'nature': 75, 'space': 73, 'art': 36, 'math': 4, 'health': 7, 'fitness': 0, 'cooking': 85, 'finance': 50, 'business': 3, 'law': 27, 'education': 80, 'medicine': 1, 'pharmacy': 36, 'psychology': 86, 'engineering': 67, 'architecture': 34, 'design': 1}",1.674335703051122,Lake Robert
50,20.9043227026955,60.91110378288717,Recruitment consultant,"Think us fact player even good white. Air once those worker grow ago thus.
Century him memory show heart leg above. Light American fly better garden image investment. Individual say all.","{'sports': 78, 'music': 92, 'movies': 92, 'books': 71, 'travel': 83, 'food': 3, 'pets': 74, 'fashion': 48, 'gaming': 14, 'cars': 29, 'politics': 52, 'religion': 92, 'technology': 11, 'science': 70, 'history': 54, 'nature': 81, 'space': 19, 'art': 28, 'math': 18, 'health': 62, 'fitness': 37, 'cooking': 80, 'finance': 48, 'business': 26, 'law': 42, 'education': 24, 'medicine': 4, 'pharmacy': 82, 'psychology': 45, 'engineering': 50, 'architecture': 18, 'design': 15}",7.638898679185134,South Nicole
51,8.319790751787181,19.797724054034493,"Administrator, charities/voluntary organisations","Upon pattern air hold. Affect customer interest cup sport ago both. Statement miss may magazine bring.
Republican investment billion across beat miss strong. Three adult get very base American.","{'sports': 95, 'music': 10, 'movies': 35, 'books': 8, 'travel': 90, 'food': 43, 'pets': 4, 'fashion': 97, 'gaming': 48, 'cars': 84, 'politics': 39, 'religion': 10, 'technology': 31, 'science': 36, 'history': 32, 'nature': 74, 'space': 50, 'art': 69, 'math': 16, 'health': 44, 'fitness': 58, 'cooking': 29, 'finance': 47, 'business': 2, 'law': 50, 'education': 4, 'medicine': 85, 'pharmacy': 84, 'psychology': 54, 'engineering': 50, 'architecture': 63, 'design': 76}",9.922765012431459,Mcclureville
52,90.77168686609889,88.62145295536847,Risk analyst,Long notice treatment care couple agency. Agency top page commercial claim. Mrs simple rise operation indeed special.,"{'sports': 21, 'music': 49, 'movies': 100, 'books': 28, 'travel': 20, 'food': 9, 'pets': 31, 'fashion': 0, 'gaming': 6, 'cars': 69, 'politics': 6, 'religion': 39, 'technology': 33, 'science': 92, 'history': 60, 'nature': 51, 'space': 10, 'art': 89, 'math': 72, 'health': 86, 'fitness': 29, 'cooking': 91, 'finance': 44, 'business': 58, 'law': 0, 'education': 0, 'medicine': 50, 'pharmacy': 39, 'psychology': 12, 'engineering': 78, 'architecture': 41, 'design': 15}",5.126766141096662,West Lisa
53,62.497348224049475,23.967144056278357,"Accountant, chartered public finance","Live fear your industry. Technology option subject success choice put me. Get over account last ask seven office.
Happy build special staff ten. Front guess husband fear try.","{'sports': 77, 'music': 26, 'movies': 0, 'books': 56, 'travel': 62, 'food': 18, 'pets': 72, 'fashion': 59, 'gaming': 26, 'cars': 59, 'politics': 12, 'religion': 20, 'technology': 67, 'science': 5, 'history': 72, 'nature': 17, 'space': 17, 'art': 63, 'math': 66, 'health': 62, 'fitness': 96, 'cooking': 52, 'finance': 82, 'business': 32, 'law': 84, 'education': 6, 'medicine': 26, 'pharmacy': 90, 'psychology': 30, 'engineering': 7, 'architecture': 13, 'design': 36}",2.171520887173144,Alexandraville
54,78.9788939842061,20.525785629298944,Health service manager,"First dog open agent take. Attack soldier onto whose all general television.
Always single work shake. Test plan only when space.
Base wait popular rich quickly reach. Game against environment such.","{'sports': 82, 'music': 56, 'movies': 11, 'books': 18, 'travel': 31, 'food': 53, 'pets': 17, 'fashion': 30, 'gaming': 85, 'cars': 99, 'politics': 38, 'religion': 75, 'technology': 74, 'science': 76, 'history': 17, 'nature': 97, 'space': 46, 'art': 9, 'math': 30, 'health': 52, 'fitness': 33, 'cooking': 22, 'finance': 77, 'business': 99, 'law': 89, 'education': 7, 'medicine': 31, 'pharmacy': 89, 'psychology': 69, 'engineering': 68, 'architecture': 1, 'design': 70}",2.799281430575528,West Jamesshire
55,34.012278395824836,48.25893180483344,"Psychologist, educational","Explain risk authority want radio.
Million sea involve practice south trial kid agency. Region pull top friend social early final thus. Design crime exist author decision help bad.","{'sports': 27, 'music': 34, 'movies': 81, 'books': 53, 'travel': 94, 'food': 19, 'pets': 28, 'fashion': 87, 'gaming': 35, 'cars': 23, 'politics': 54, 'religion': 41, 'technology': 27, 'science': 3, 'history': 43, 'nature': 73, 'space': 89, 'art': 42, 'math': 10, 'health': 4, 'fitness': 62, 'cooking': 12, 'finance': 99, 'business': 39, 'law': 95, 'education': 95, 'medicine': 45, 'pharmacy': 6, 'psychology': 40, 'engineering': 53, 'architecture': 31, 'design': 60}",0.20949943442750363,Hallchester
56,28.033979278894293,51.84866021926088,Gaffer,"Level area fly. In fast often three.
Challenge too government choose defense child building. Rate woman foot anything. Alone attack far shake across.","{'sports': 79, 'music': 72, 'movies': 66, 'books': 82, 'travel': 99, 'food': 91, 'pets': 11, 'fashion': 31, 'gaming': 69, 'cars': 9, 'politics': 13, 'religion': 35, 'technology': 93, 'science': 5, 'history': 17, 'nature': 72, 'space': 9, 'art': 9, 'math': 18, 'health': 76, 'fitness': 48, 'cooking': 63, 'finance': 66, 'business': 32, 'law': 74, 'education': 63, 'medicine': 57, 'pharmacy': 75, 'psychology': 52, 'engineering': 86, 'architecture': 60, 'design': 83}",0.31283014540945064,Port Amandaland
57,60.60299979149345,64.17760310224486,Legal secretary,Happy style control wonder. Senior either throughout. Only score thing adult structure accept.,"{'sports': 70, 'music': 45, 'movies': 57, 'books': 26, 'travel': 24, 'food': 18, 'pets': 73, 'fashion': 53, 'gaming': 64, 'cars': 4, 'politics': 96, 'religion': 7, 'technology': 66, 'science': 52, 'history': 16, 'nature': 63, 'space': 62, 'art': 34, 'math': 12, 'health': 24, 'fitness': 78, 'cooking': 53, 'finance': 42, 'business': 97, 'law': 9, 'education': 61, 'medicine': 39, 'pharmacy': 42, 'psychology': 95, 'engineering': 87, 'architecture': 90, 'design': 36}",8.080221415198562,Martinmouth
58,4.851069820228792,33.130018776613944,Science writer,"Suffer reduce west long tax dark operation. Really space gun face sister. Shake law peace else store challenge middle.
Sense hour risk paper Mr.","{'sports': 81, 'music': 24, 'movies': 55, 'books': 91, 'travel': 49, 'food': 96, 'pets': 75, 'fashion': 12, 'gaming': 80, 'cars': 27, 'politics': 40, 'religion': 56, 'technology': 18, 'science': 12, 'history': 34, 'nature': 44, 'space': 71, 'art': 6, 'math': 69, 'health': 21, 'fitness': 52, 'cooking': 83, 'finance': 32, 'business': 0, 'law': 25, 'education': 4, 'medicine': 79, 'pharmacy': 82, 'psychology': 97, 'engineering': 67, 'architecture': 62, 'design': 76}",1.1648625885869834,Robertsland
59,14.39781265926181,13.415738515016418,Fashion designer,Worry organization skill imagine into. Natural your agent. Know should total.,"{'sports': 86, 'music': 88, 'movies': 57, 'books': 59, 'travel': 81, 'food': 67, 'pets': 90, 'fashion': 80, 'gaming': 51, 'cars': 54, 'politics': 11, 'religion': 92, 'technology': 12, 'science': 11, 'history': 29, 'nature': 48, 'space': 47, 'art': 56, 'math': 21, 'health': 25, 'fitness': 3, 'cooking': 79, 'finance': 71, 'business': 93, 'law': 66, 'education': 63, 'medicine': 13, 'pharmacy': 36, 'psychology': 53, 'engineering': 81, 'architecture': 18, 'design': 0}",6.42417646439476,North Dawnmouth
60,1.0005743077652451,59.101298337722476,Telecommunications researcher,Place style trip describe window partner. Stuff into land thought wear model kitchen feeling. Economy hand heart.,"{'sports': 17, 'music': 31, 'movies': 66, 'books': 70, 'travel': 18, 'food': 24, 'pets': 83, 'fashion': 70, 'gaming': 8, 'cars': 20, 'politics': 20, 'religion': 50, 'technology': 69, 'science': 65, 'history': 3, 'nature': 46, 'space': 6, 'art': 88, 'math': 53, 'health': 42, 'fitness': 92, 'cooking': 16, 'finance': 24, 'business': 37, 'law': 28, 'education': 15, 'medicine': 22, 'pharmacy': 35, 'psychology': 17, 'engineering': 74, 'architecture': 76, 'design': 29}",7.916479382399616,North Richardton
61,22.97656755077979,76.15622126451804,Textile designer,"See federal notice trade. West thus conference these. Employee worker close bill.
Seem fill indeed particularly strategy. Beautiful painting argue law. Family certain gun federal.","{'sports': 86, 'music': 43, 'movies': 99, 'books': 67, 'travel': 16, 'food': 6, 'pets': 95, 'fashion': 64, 'gaming': 52, 'cars': 48, 'politics': 12, 'religion': 89, 'technology': 93, 'science': 35, 'history': 89, 'nature': 78, 'space': 49, 'art': 53, 'math': 46, 'health': 42, 'fitness': 30, 'cooking': 28, 'finance': 61, 'business': 34, 'law': 53, 'education': 0, 'medicine': 82, 'pharmacy': 0, 'psychology': 41, 'engineering': 80, 'architecture': 27, 'design': 29}",7.188917770198286,Anthonymouth
62,22.158437096595918,43.516234217014116,Science writer,Message them ground be once let. Result fall media today. Well minute white great sing yourself yeah prove.,"{'sports': 27, 'music': 45, 'movies': 64, 'books': 76, 'travel': 37, 'food': 3, 'pets': 27, 'fashion': 6, 'gaming': 43, 'cars': 34, 'politics': 2, 'religion': 51, 'technology': 71, 'science': 72, 'history': 99, 'nature': 97, 'space': 54, 'art': 72, 'math': 50, 'health': 94, 'fitness': 63, 'cooking': 96, 'finance': 90, 'business': 76, 'law': 18, 'education': 76, 'medicine': 100, 'pharmacy': 77, 'psychology': 5, 'engineering': 96, 'architecture': 44, 'design': 18}",0.7238051936955381,West Anna
63,18.667010459539846,88.13069586212022,"Therapist, occupational",Group real before side interview air tree. Campaign very free cup somebody easy. Stand peace now more.,"{'sports': 68, 'music': 74, 'movies': 98, 'books': 44, 'travel': 43, 'food': 55, 'pets': 21, 'fashion': 71, 'gaming': 88, 'cars': 73, 'politics': 74, 'religion': 27, 'technology': 31, 'science': 18, 'history': 49, 'nature': 79, 'space': 30, 'art': 8, 'math': 24, 'health': 98, 'fitness': 79, 'cooking': 67, 'finance': 28, 'business': 63, 'law': 44, 'education': 21, 'medicine': 57, 'pharmacy': 85, 'psychology': 66, 'engineering': 79, 'architecture': 67, 'design': 100}",4.609198698763821,Sandersville
64,66.02768744550313,14.794134514981605,Textile designer,"Almost magazine various general Mr. Almost because include somebody hot well economy.
Me say among other after officer. Contain common deep page.
Everyone song assume radio.","{'sports': 47, 'music': 1, 'movies': 78, 'books': 83, 'travel': 94, 'food': 62, 'pets': 40, 'fashion': 2, 'gaming': 81, 'cars': 65, 'politics': 80, 'religion': 52, 'technology': 70, 'science': 5, 'history': 71, 'nature': 59, 'space': 37, 'art': 7, 'math': 50, 'health': 39, 'fitness': 54, 'cooking': 42, 'finance': 74, 'business': 16, 'law': 23, 'education': 9, 'medicine': 80, 'pharmacy': 4, 'psychology': 1, 'engineering': 72, 'architecture': 54, 'design': 65}",3.451362381622726,East Dawn
65,53.9651308861852,17.84347056049803,Warden/ranger,"Floor season cause research recently final whose. Argue could kind exist officer.
Production blue early now visit produce goal animal.","{'sports': 79, 'music': 65, 'movies': 76, 'books': 74, 'travel': 13, 'food': 61, 'pets': 30, 'fashion': 70, 'gaming': 13, 'cars': 28, 'politics': 39, 'religion': 78, 'technology': 65, 'science': 76, 'history': 61, 'nature': 16, 'space': 47, 'art': 74, 'math': 20, 'health': 16, 'fitness': 41, 'cooking': 23, 'finance': 68, 'business': 15, 'law': 26, 'education': 11, 'medicine': 20, 'pharmacy': 38, 'psychology': 43, 'engineering': 3, 'architecture': 84, 'design': 51}",3.5680108414366107,New Aaronview
66,76.81765708500194,83.81249359160462,Multimedia specialist,Behind position window ten market. Wide security American country idea tell. Late can data energy yourself believe. Former minute bar themselves a common each.,"{'sports': 59, 'music': 15, 'movies': 61, 'books': 51, 'travel': 68, 'food': 97, 'pets': 66, 'fashion': 75, 'gaming': 49, 'cars': 60, 'politics': 81, 'religion': 63, 'technology': 6, 'science': 57, 'history': 8, 'nature': 98, 'space': 58, 'art': 52, 'math': 14, 'health': 5, 'fitness': 97, 'cooking': 70, 'finance': 36, 'business': 1, 'law': 51, 'education': 3, 'medicine': 19, 'pharmacy': 17, 'psychology': 90, 'engineering': 83, 'architecture': 93, 'design': 35}",5.003710490830353,Lunashire
67,4.166602786296103,91.52244110780593,"Conservator, furniture",Professor wear position hospital develop nice game. Wrong political situation seat dream find himself. Contain table speak. Rest treat minute technology fine senior.,"{'sports': 94, 'music': 77, 'movies': 18, 'books': 86, 'travel': 6, 'food': 92, 'pets': 76, 'fashion': 30, 'gaming': 93, 'cars': 9, 'politics': 74, 'religion': 98, 'technology': 35, 'science': 96, 'history': 80, 'nature': 76, 'space': 72, 'art': 25, 'math': 29, 'health': 3, 'fitness': 24, 'cooking': 15, 'finance': 34, 'business': 79, 'law': 72, 'education': 13, 'medicine': 85, 'pharmacy': 63, 'psychology': 56, 'engineering': 61, 'architecture': 55, 'design': 1}",6.467265771512802,South Michaelberg
68,60.07045592510981,5.639428472167274,Chiropractor,"Spend message support note pressure energy. Down science think attention first act mother wish.
Like other unit two wear coach. Very owner whose catch including. Begin personal hot.","{'sports': 70, 'music': 29, 'movies': 72, 'books': 94, 'travel': 29, 'food': 64, 'pets': 100, 'fashion': 95, 'gaming': 33, 'cars': 45, 'politics': 50, 'religion': 25, 'technology': 31, 'science': 75, 'history': 54, 'nature': 53, 'space': 77, 'art': 54, 'math': 83, 'health': 88, 'fitness': 73, 'cooking': 68, 'finance': 87, 'business': 76, 'law': 19, 'education': 100, 'medicine': 75, 'pharmacy': 58, 'psychology': 72, 'engineering': 14, 'architecture': 3, 'design': 54}",5.373238641163619,North Garyborough
69,74.42937925938367,36.81425090452646,Financial controller,Source development ability analysis common they. Husband make north guess rate cover quite.,"{'sports': 17, 'music': 5, 'movies': 51, 'books': 13, 'travel': 88, 'food': 45, 'pets': 76, 'fashion': 63, 'gaming': 38, 'cars': 61, 'politics': 55, 'religion': 28, 'technology': 79, 'science': 86, 'history': 55, 'nature': 19, 'space': 19, 'art': 28, 'math': 70, 'health': 92, 'fitness': 19, 'cooking': 53, 'finance': 79, 'business': 87, 'law': 16, 'education': 74, 'medicine': 98, 'pharmacy': 9, 'psychology': 56, 'engineering': 74, 'architecture': 83, 'design': 73}",8.918663221651299,Sarahside
70,80.66333919623122,16.796032135074,Estate agent,Customer capital professor since. Federal than final list treat exist. Stock item put central. Majority whose rock suddenly.,"{'sports': 66, 'music': 92, 'movies': 36, 'books': 71, 'travel': 21, 'food': 74, 'pets': 34, 'fashion': 30, 'gaming': 87, 'cars': 78, 'politics': 45, 'religion': 49, 'technology': 5, 'science': 6, 'history': 70, 'nature': 41, 'space': 34, 'art': 79, 'math': 27, 'health': 39, 'fitness': 27, 'cooking': 1, 'finance': 92, 'business': 30, 'law': 47, 'education': 57, 'medicine': 48, 'pharmacy': 78, 'psychology': 51, 'engineering': 40, 'architecture': 79, 'design': 93}",2.287677326002704,Lake Eric
71,42.167373504412794,0.28837708644799953,"Teacher, music","Actually then try capital month money piece room. Pretty law fish dream toward.
Far radio treat type. With when certain guy pretty those debate key. There pass person study.","{'sports': 21, 'music': 60, 'movies': 27, 'books': 68, 'travel': 54, 'food': 13, 'pets': 48, 'fashion': 8, 'gaming': 15, 'cars': 63, 'politics': 79, 'religion': 48, 'technology': 94, 'science': 72, 'history': 36, 'nature': 48, 'space': 79, 'art': 87, 'math': 72, 'health': 28, 'fitness': 2, 'cooking': 1, 'finance': 44, 'business': 0, 'law': 40, 'education': 32, 'medicine': 14, 'pharmacy': 31, 'psychology': 79, 'engineering': 48, 'architecture': 88, 'design': 22}",7.133705177058606,North Kathryn
72,24.558448487553598,18.04674630867312,Health visitor,"Save toward present focus.
Partner service within. Material too thought pretty who. Concern statement management ask gun capital explain.","{'sports': 50, 'music': 83, 'movies': 69, 'books': 9, 'travel': 76, 'food': 35, 'pets': 48, 'fashion': 21, 'gaming': 68, 'cars': 8, 'politics': 48, 'religion': 54, 'technology': 22, 'science': 55, 'history': 75, 'nature': 62, 'space': 78, 'art': 17, 'math': 2, 'health': 79, 'fitness': 50, 'cooking': 64, 'finance': 44, 'business': 40, 'law': 14, 'education': 95, 'medicine': 56, 'pharmacy': 51, 'psychology': 14, 'engineering': 61, 'architecture': 35, 'design': 10}",6.564183907292631,New Elizabethville
73,53.35219719255997,19.09413608177021,"Sales professional, IT","Leave in cell threat forward.
Fill game ask month official central. Toward conference car. Discuss red right others include area.","{'sports': 60, 'music': 93, 'movies': 88, 'books': 14, 'travel': 7, 'food': 46, 'pets': 67, 'fashion': 63, 'gaming': 41, 'cars': 8, 'politics': 82, 'religion': 41, 'technology': 82, 'science': 51, 'history': 72, 'nature': 31, 'space': 86, 'art': 40, 'math': 33, 'health': 18, 'fitness': 30, 'cooking': 61, 'finance': 78, 'business': 94, 'law': 53, 'education': 52, 'medicine': 84, 'pharmacy': 55, 'psychology': 3, 'engineering': 87, 'architecture': 14, 'design': 83}",8.131514390762165,North Judithchester
74,7.123676826765079,72.38238825194087,Product designer,"Character power authority over order reveal back. Make bag meet crime certain.
Her I thing give ground fund. Weight stand arrive whom. Customer form those civil.","{'sports': 21, 'music': 82, 'movies': 32, 'books': 57, 'travel': 0, 'food': 68, 'pets': 81, 'fashion': 69, 'gaming': 83, 'cars': 91, 'politics': 67, 'religion': 64, 'technology': 55, 'science': 16, 'history': 14, 'nature': 8, 'space': 59, 'art': 63, 'math': 57, 'health': 0, 'fitness': 69, 'cooking': 39, 'finance': 61, 'business': 42, 'law': 56, 'education': 34, 'medicine': 39, 'pharmacy': 39, 'psychology': 57, 'engineering': 59, 'architecture': 67, 'design': 60}",1.1761895498331498,East Kristina
75,11.410814988271722,14.233086245291382,Government social research officer,"Fact reduce particular enjoy film little rate. Before force open wait sport Congress model focus.
Very pick rather establish.","{'sports': 72, 'music': 5, 'movies': 29, 'books': 48, 'travel': 49, 'food': 51, 'pets': 25, 'fashion': 88, 'gaming': 43, 'cars': 78, 'politics': 5, 'religion': 68, 'technology': 40, 'science': 100, 'history': 97, 'nature': 65, 'space': 83, 'art': 94, 'math': 57, 'health': 55, 'fitness': 93, 'cooking': 57, 'finance': 72, 'business': 32, 'law': 87, 'education': 8, 'medicine': 47, 'pharmacy': 99, 'psychology': 60, 'engineering': 2, 'architecture': 55, 'design': 13}",6.338639840201932,Underwoodstad
76,58.21339914817605,53.86000180533098,Chartered public finance accountant,"Especially stuff agreement yourself hair store. Tonight Mr toward at international.
There strategy want perform else. Late should could where fill strong. Everyone they need agency glass explain.","{'sports': 96, 'music': 88, 'movies': 91, 'books': 47, 'travel': 60, 'food': 52, 'pets': 50, 'fashion': 94, 'gaming': 32, 'cars': 84, 'politics': 2, 'religion': 11, 'technology': 17, 'science': 72, 'history': 10, 'nature': 70, 'space': 14, 'art': 91, 'math': 45, 'health': 3, 'fitness': 67, 'cooking': 60, 'finance': 72, 'business': 83, 'law': 32, 'education': 54, 'medicine': 28, 'pharmacy': 57, 'psychology': 91, 'engineering': 68, 'architecture': 49, 'design': 79}",4.995478710797979,New Jamesshire
77,30.981070651869004,53.72895954017459,"Biochemist, clinical",Help entire take. Whole create fine surface worker management lay rise. Performance consider four drug story cold step.,"{'sports': 81, 'music': 34, 'movies': 67, 'books': 13, 'travel': 57, 'food': 51, 'pets': 87, 'fashion': 4, 'gaming': 25, 'cars': 44, 'politics': 27, 'religion': 49, 'technology': 81, 'science': 57, 'history': 80, 'nature': 17, 'space': 50, 'art': 79, 'math': 71, 'health': 29, 'fitness': 51, 'cooking': 58, 'finance': 14, 'business': 98, 'law': 86, 'education': 60, 'medicine': 35, 'pharmacy': 33, 'psychology': 97, 'engineering': 75, 'architecture': 58, 'design': 31}",3.7403244380605782,New Michael
78,81.75519890520808,14.468547578591995,Banker,Star seat huge follow without age. Team support like whole understand including. Who final somebody able.,"{'sports': 29, 'music': 72, 'movies': 63, 'books': 26, 'travel': 59, 'food': 80, 'pets': 28, 'fashion': 0, 'gaming': 46, 'cars': 86, 'politics': 92, 'religion': 1, 'technology': 20, 'science': 18, 'history': 58, 'nature': 57, 'space': 12, 'art': 79, 'math': 25, 'health': 29, 'fitness': 4, 'cooking': 53, 'finance': 87, 'business': 70, 'law': 37, 'education': 47, 'medicine': 82, 'pharmacy': 36, 'psychology': 70, 'engineering': 32, 'architecture': 6, 'design': 14}",3.431034886681915,Michaelberg
79,29.13768114837465,17.839354007024046,Trading standards officer,Task help leg customer child. Hair skill billion show product worker hour. Technology religious event window cut.,"{'sports': 42, 'music': 49, 'movies': 40, 'books': 47, 'travel': 23, 'food': 66, 'pets': 81, 'fashion': 44, 'gaming': 12, 'cars': 26, 'politics': 3, 'religion': 65, 'technology': 77, 'science': 31, 'history': 95, 'nature': 0, 'space': 84, 'art': 96, 'math': 21, 'health': 11, 'fitness': 83, 'cooking': 73, 'finance': 82, 'business': 44, 'law': 77, 'education': 87, 'medicine': 47, 'pharmacy': 88, 'psychology': 22, 'engineering': 49, 'architecture': 60, 'design': 16}",6.793503000826,Hallside
80,7.141345268432975,44.62914544852785,Hospital doctor,"True price consider success indicate leader. My second indicate production size son.
She most Congress recent her build. Issue man risk word recent.","{'sports': 27, 'music': 83, 'movies': 100, 'books': 67, 'travel': 20, 'food': 21, 'pets': 35, 'fashion': 38, 'gaming': 69, 'cars': 20, 'politics': 10, 'religion': 46, 'technology': 7, 'science': 34, 'history': 61, 'nature': 38, 'space': 15, 'art': 8, 'math': 2, 'health': 73, 'fitness': 10, 'cooking': 35, 'finance': 21, 'business': 11, 'law': 79, 'education': 6, 'medicine': 36, 'pharmacy': 93, 'psychology': 55, 'engineering': 21, 'architecture': 36, 'design': 52}",1.5907145176187243,North Jessica
81,76.75608274605734,81.37249357836016,Dietitian,"Feeling have business. Top radio town memory against agent. Somebody couple ever voice suddenly.
Allow fact either someone play. Treat build quite author charge kitchen then.","{'sports': 56, 'music': 54, 'movies': 68, 'books': 89, 'travel': 91, 'food': 56, 'pets': 78, 'fashion': 16, 'gaming': 73, 'cars': 86, 'politics': 97, 'religion': 87, 'technology': 11, 'science': 76, 'history': 98, 'nature': 22, 'space': 62, 'art': 49, 'math': 1, 'health': 50, 'fitness': 31, 'cooking': 49, 'finance': 45, 'business': 98, 'law': 62, 'education': 62, 'medicine': 21, 'pharmacy': 90, 'psychology': 6, 'engineering': 57, 'architecture': 72, 'design': 56}",3.3385528665670536,Grantshire
82,91.84659953181477,51.97647559802394,Meteorologist,Small attention concern end explain. Coach fight campaign yet firm rich shake. Plan chair lead scientist near career raise. Generation resource reach suggest together or long.,"{'sports': 5, 'music': 40, 'movies': 51, 'books': 85, 'travel': 58, 'food': 3, 'pets': 85, 'fashion': 45, 'gaming': 77, 'cars': 47, 'politics': 90, 'religion': 59, 'technology': 27, 'science': 81, 'history': 6, 'nature': 96, 'space': 10, 'art': 64, 'math': 80, 'health': 0, 'fitness': 71, 'cooking': 65, 'finance': 88, 'business': 67, 'law': 88, 'education': 85, 'medicine': 61, 'pharmacy': 43, 'psychology': 46, 'engineering': 47, 'architecture': 14, 'design': 22}",0.0394702269856706,Lake Mary
83,47.18299387070982,95.49462223339566,Public librarian,"Pattern performance protect find attention reach. Interview current mention quality six across. End begin half finish.
Game name growth a son forget. Sell appear wind.","{'sports': 7, 'music': 58, 'movies': 36, 'books': 87, 'travel': 64, 'food': 69, 'pets': 13, 'fashion': 92, 'gaming': 62, 'cars': 35, 'politics': 77, 'religion': 36, 'technology': 19, 'science': 17, 'history': 5, 'nature': 6, 'space': 31, 'art': 60, 'math': 68, 'health': 8, 'fitness': 68, 'cooking': 38, 'finance': 71, 'business': 44, 'law': 30, 'education': 27, 'medicine': 86, 'pharmacy': 51, 'psychology': 60, 'engineering': 9, 'architecture': 30, 'design': 54}",9.976811936753734,Port Jordan
84,28.24811653093111,32.27978769063342,Museum/gallery conservator,Medical discuss director last lot show. Fact true there environmental example point much. Ten treatment development after.,"{'sports': 5, 'music': 82, 'movies': 97, 'books': 98, 'travel': 18, 'food': 11, 'pets': 54, 'fashion': 60, 'gaming': 42, 'cars': 33, 'politics': 23, 'religion': 59, 'technology': 66, 'science': 22, 'history': 94, 'nature': 35, 'space': 79, 'art': 24, 'math': 15, 'health': 11, 'fitness': 82, 'cooking': 89, 'finance': 78, 'business': 91, 'law': 30, 'education': 19, 'medicine': 56, 'pharmacy': 2, 'psychology': 62, 'engineering': 59, 'architecture': 58, 'design': 70}",9.59900914600392,Lake Ricardo
85,71.67848685902347,44.38241192291229,Pension scheme manager,"Project sea follow name. Allow suffer service purpose thank respond.
Son at nor. Event through drive knowledge indeed.
Town front such director like. Standard decision whole.","{'sports': 51, 'music': 35, 'movies': 14, 'books': 8, 'travel': 9, 'food': 92, 'pets': 75, 'fashion': 98, 'gaming': 12, 'cars': 92, 'politics': 69, 'religion': 58, 'technology': 3, 'science': 2, 'history': 94, 'nature': 60, 'space': 84, 'art': 94, 'math': 40, 'health': 54, 'fitness': 87, 'cooking': 82, 'finance': 21, 'business': 99, 'law': 57, 'education': 99, 'medicine': 19, 'pharmacy': 56, 'psychology': 23, 'engineering': 67, 'architecture': 76, 'design': 84}",6.369780684034183,South Wandaton
86,16.2563716633222,16.5191909828023,Armed forces logistics/support/administrative officer,"Drop past unit reflect so. See actually bit reality evening direction throughout.
Ball whatever between risk.","{'sports': 4, 'music': 16, 'movies': 55, 'books': 42, 'travel': 41, 'food': 68, 'pets': 38, 'fashion': 53, 'gaming': 9, 'cars': 46, 'politics': 48, 'religion': 61, 'technology': 48, 'science': 54, 'history': 0, 'nature': 86, 'space': 23, 'art': 4, 'math': 98, 'health': 76, 'fitness': 81, 'cooking': 52, 'finance': 100, 'business': 34, 'law': 35, 'education': 45, 'medicine': 49, 'pharmacy': 51, 'psychology': 12, 'engineering': 40, 'architecture': 14, 'design': 53}",4.911975185084042,North Katherine
87,55.10684069003982,75.08448803138296,"Psychologist, occupational","Traditional high would middle and nor she. Glass possible few place option like.
Wish space authority hour.","{'sports': 96, 'music': 58, 'movies': 21, 'books': 18, 'travel': 70, 'food': 97, 'pets': 8, 'fashion': 99, 'gaming': 37, 'cars': 86, 'politics': 65, 'religion': 20, 'technology': 35, 'science': 28, 'history': 80, 'nature': 33, 'space': 19, 'art': 89, 'math': 23, 'health': 72, 'fitness': 14, 'cooking': 17, 'finance': 22, 'business': 100, 'law': 60, 'education': 88, 'medicine': 51, 'pharmacy': 29, 'psychology': 75, 'engineering': 18, 'architecture': 15, 'design': 22}",1.9646880253283605,Joshuamouth
88,33.99505724950631,68.08270465801216,"Producer, radio",Those just development candidate degree. Truth control body west effect girl individual.,"{'sports': 96, 'music': 53, 'movies': 87, 'books': 92, 'travel': 54, 'food': 52, 'pets': 29, 'fashion': 29, 'gaming': 84, 'cars': 36, 'politics': 42, 'religion': 39, 'technology': 4, 'science': 44, 'history': 59, 'nature': 39, 'space': 28, 'art': 76, 'math': 16, 'health': 40, 'fitness': 91, 'cooking': 14, 'finance': 27, 'business': 62, 'law': 9, 'education': 76, 'medicine': 64, 'pharmacy': 72, 'psychology': 5, 'engineering': 0, 'architecture': 82, 'design': 10}",9.922513803958505,West Vanessa
89,65.55979813996879,88.41848754194551,Radio producer,"Professional during yourself at stand huge. Source we executive sport realize.
The itself game newspaper start cup write. Call friend building.","{'sports': 82, 'music': 58, 'movies': 99, 'books': 74, 'travel': 25, 'food': 16, 'pets': 41, 'fashion': 59, 'gaming': 11, 'cars': 94, 'politics': 80, 'religion': 42, 'technology': 28, 'science': 85, 'history': 8, 'nature': 24, 'space': 47, 'art': 78, 'math': 19, 'health': 86, 'fitness': 28, 'cooking': 9, 'finance': 46, 'business': 23, 'law': 76, 'education': 20, 'medicine': 35, 'pharmacy': 80, 'psychology': 92, 'engineering': 38, 'architecture': 78, 'design': 97}",6.778673649779073,Lake Jimchester
90,18.06892933204357,98.54101973547387,Landscape architect,"Practice worker somebody. Single name land effect read food close stage. Career interesting think.
American none somebody can wall. Most manager direction drive strong.","{'sports': 28, 'music': 18, 'movies': 46, 'books': 97, 'travel': 91, 'food': 26, 'pets': 0, 'fashion': 80, 'gaming': 54, 'cars': 28, 'politics': 49, 'religion': 41, 'technology': 51, 'science': 68, 'history': 0, 'nature': 18, 'space': 27, 'art': 27, 'math': 19, 'health': 61, 'fitness': 75, 'cooking': 82, 'finance': 81, 'business': 43, 'law': 37, 'education': 43, 'medicine': 51, 'pharmacy': 72, 'psychology': 11, 'engineering': 84, 'architecture': 82, 'design': 65}",1.8514558297142314,Lake Billy
91,15.405703354584832,17.48253295851072,"Social research officer, government","Special during what where pick beat. East age peace top specific low at. Any science case.
Specific already fish attention anything. Cost author structure choose accept pick.","{'sports': 66, 'music': 47, 'movies': 59, 'books': 100, 'travel': 0, 'food': 83, 'pets': 43, 'fashion': 27, 'gaming': 7, 'cars': 23, 'politics': 97, 'religion': 34, 'technology': 46, 'science': 22, 'history': 14, 'nature': 16, 'space': 17, 'art': 28, 'math': 29, 'health': 49, 'fitness': 80, 'cooking': 98, 'finance': 79, 'business': 56, 'law': 1, 'education': 38, 'medicine': 60, 'pharmacy': 39, 'psychology': 0, 'engineering': 73, 'architecture': 71, 'design': 20}",8.23818232447114,Murrayville
92,49.724694671938884,92.30864181067065,Petroleum engineer,"Place size law. Try mother design magazine.
Check movement ahead fight. Person represent admit contain. Wear system home bed these put happen.","{'sports': 92, 'music': 52, 'movies': 86, 'books': 77, 'travel': 64, 'food': 45, 'pets': 33, 'fashion': 58, 'gaming': 90, 'cars': 14, 'politics': 70, 'religion': 47, 'technology': 65, 'science': 42, 'history': 27, 'nature': 55, 'space': 38, 'art': 49, 'math': 60, 'health': 81, 'fitness': 29, 'cooking': 81, 'finance': 47, 'business': 50, 'law': 35, 'education': 6, 'medicine': 83, 'pharmacy': 10, 'psychology': 71, 'engineering': 72, 'architecture': 7, 'design': 22}",5.689881576184677,Port Cynthia
93,69.27797851680508,29.998222334297765,Multimedia specialist,Record share help. Where himself career culture.,"{'sports': 8, 'music': 88, 'movies': 55, 'books': 91, 'travel': 56, 'food': 26, 'pets': 28, 'fashion': 93, 'gaming': 92, 'cars': 98, 'politics': 28, 'religion': 26, 'technology': 34, 'science': 12, 'history': 94, 'nature': 5, 'space': 46, 'art': 76, 'math': 9, 'health': 73, 'fitness': 61, 'cooking': 20, 'finance': 6, 'business': 56, 'law': 49, 'education': 32, 'medicine': 18, 'pharmacy': 46, 'psychology': 36, 'engineering': 75, 'architecture': 72, 'design': 32}",1.8826664889761324,New Nathan
94,33.548434196872236,33.23972446487873,Research scientist (physical sciences),"Pull may another pick. Term cost must foreign college attack write.
Story view pass. Purpose field however draw.
This peace area play.","{'sports': 27, 'music': 100, 'movies': 35, 'books': 11, 'travel': 61, 'food': 73, 'pets': 6, 'fashion': 34, 'gaming': 55, 'cars': 20, 'politics': 77, 'religion': 61, 'technology': 66, 'science': 93, 'history': 43, 'nature': 34, 'space': 8, 'art': 100, 'math': 71, 'health': 13, 'fitness': 63, 'cooking': 47, 'finance': 84, 'business': 30, 'law': 83, 'education': 39, 'medicine': 47, 'pharmacy': 84, 'psychology': 77, 'engineering': 32, 'architecture': 4, 'design': 0}",0.09828350423997989,Erikatown
95,91.0020693973498,32.21970475275098,Retail manager,Sign officer real provide may once newspaper. Free front offer apply consumer house strategy bill.,"{'sports': 2, 'music': 36, 'movies': 48, 'books': 32, 'travel': 63, 'food': 58, 'pets': 73, 'fashion': 88, 'gaming': 49, 'cars': 52, 'politics': 44, 'religion': 96, 'technology': 49, 'science': 7, 'history': 63, 'nature': 67, 'space': 70, 'art': 31, 'math': 31, 'health': 23, 'fitness': 0, 'cooking': 95, 'finance': 14, 'business': 9, 'law': 78, 'education': 37, 'medicine': 42, 'pharmacy': 89, 'psychology': 12, 'engineering': 88, 'architecture': 4, 'design': 27}",2.456345088573598,Hudsonstad
96,98.01758613934498,54.82327543522014,Trade union research officer,"Conference imagine Mrs rock success ball up.
Where until important fine create why. Your head its include blue. Check foot car.
Sing us too certainly power. Sister while apply first.","{'sports': 56, 'music': 24, 'movies': 86, 'books': 15, 'travel': 99, 'food': 71, 'pets': 78, 'fashion': 28, 'gaming': 66, 'cars': 88, 'politics': 55, 'religion': 30, 'technology': 33, 'science': 17, 'history': 37, 'nature': 44, 'space': 53, 'art': 98, 'math': 88, 'health': 83, 'fitness': 8, 'cooking': 77, 'finance': 11, 'business': 33, 'law': 80, 'education': 97, 'medicine': 71, 'pharmacy': 27, 'psychology': 25, 'engineering': 49, 'architecture': 86, 'design': 3}",3.058309647783294,Santiagochester
97,5.286649358786633,97.2533330752903,Chiropractor,"Minute plan example lose. Personal black day government attention kid prevent. Either education stock time but five.
Agreement indicate full.","{'sports': 78, 'music': 75, 'movies': 84, 'books': 7, 'travel': 48, 'food': 88, 'pets': 12, 'fashion': 39, 'gaming': 65, 'cars': 88, 'politics': 68, 'religion': 41, 'technology': 42, 'science': 38, 'history': 57, 'nature': 83, 'space': 100, 'art': 100, 'math': 31, 'health': 79, 'fitness': 13, 'cooking': 67, 'finance': 39, 'business': 42, 'law': 7, 'education': 11, 'medicine': 74, 'pharmacy': 40, 'psychology': 36, 'engineering': 37, 'architecture': 79, 'design': 100}",3.0801354556754457,Sierrachester
98,13.861485900549086,48.02263138782682,Rural practice surveyor,"Interest whether card according wind. Dream in away country election record. Officer what above against owner sort bag.
Assume risk understand effect. Near city they simple message.","{'sports': 14, 'music': 26, 'movies': 91, 'books': 100, 'travel': 73, 'food': 58, 'pets': 37, 'fashion': 3, 'gaming': 14, 'cars': 68, 'politics': 13, 'religion': 86, 'technology': 84, 'science': 66, 'history': 95, 'nature': 60, 'space': 82, 'art': 96, 'math': 86, 'health': 88, 'fitness': 85, 'cooking': 2, 'finance': 19, 'business': 81, 'law': 4, 'education': 23, 'medicine': 42, 'pharmacy': 13, 'psychology': 73, 'engineering': 59, 'architecture': 26, 'design': 53}",7.40435458278859,Johnfurt
99,19.94805702550221,40.973051862504974,Systems analyst,Must never more choose turn painting peace yourself. Site only research similar. Again past serve good national push morning listen.,"{'sports': 90, 'music': 66, 'movies': 13, 'books': 59, 'travel': 83, 'food': 15, 'pets': 97, 'fashion': 99, 'gaming': 68, 'cars': 52, 'politics': 57, 'religion': 24, 'technology': 81, 'science': 12, 'history': 59, 'nature': 73, 'space': 46, 'art': 28, 'math': 17, 'health': 75, 'fitness': 15, 'cooking': 47, 'finance': 43, 'business': 83, 'law': 93, 'education': 69, 'medicine': 85, 'pharmacy': 99, 'psychology': 38, 'engineering': 31, 'architecture': 84, 'design': 64}",1.8348629931415639,West Jocelynberg
